Headline,Scraped At
Starmer set to announce recognition of Palestinian state today,2025-09-21 15:45:45.450114
"Israel will occupy more West Bank land, but recognition matters, mayor tells BBC",2025-09-21 15:45:45.450114
How Russian-funded fake news network aims to disrupt election in Europe - BBC investigation,2025-09-21 15:45:45.450114
Duchess of York called Epstein 'supreme friend' in 2011 email,2025-09-21 15:45:45.450114
I took a job on a whim on New Year's Eve - and ended up stranded at sea for six months,2025-09-21 15:45:45.450114
"Israel will occupy more West Bank land, but recognition matters, mayor tells BBC",2025-09-21 15:45:45.450114
India warns new US fee for H-1B visa will have 'humanitarian consequences',2025-09-21 15:45:45.450114
'No sugar-coated cinema for me': Indian director who scripted history at Venice,2025-09-21 15:45:45.450114
Heightened security as Americans gather for Kirk memorial,2025-09-21 15:45:45.450114
How Russian-funded fake news network aims to disrupt election in Europe - BBC investigation,2025-09-21 15:45:45.450114
Dutch police clash with anti-immigration protesters,2025-09-21 15:45:45.450114
World Athletics: Hodgkinson leads GB medal chase on final day,2025-09-21 15:45:45.450114
Vietnamese singer Duc Phuc wins Russia's Intervision song contest,2025-09-21 15:45:45.450114
White House outlines TikTok deal that would give US control of algorithm,2025-09-21 15:45:45.450114
Morrissey cancels US shows after death threat in Canada,2025-09-21 15:45:45.450114
More to explore,2025-09-21 15:45:45.450114
Creatine - can this muscle-boosting supplement help sharpen my brain?,2025-09-21 15:45:45.450114
How a man's affair with his mother-in-law became a viral film in Indonesia,2025-09-21 15:45:45.450114
Murdered Kenyan's friends want UK soldier to face justice,2025-09-21 15:45:45.450114
Hamnet to Sinners: 12 films to look out for as Oscars race begins,2025-09-21 15:45:45.450114
Why Starmer decided the time was right to recognise a Palestinian state,2025-09-21 15:45:45.450114
How a man's affair with his mother-in-law became a viral film in Indonesia,2025-09-21 15:45:45.450114
Why Starmer decided the time was right to recognise a Palestinian state,2025-09-21 15:45:45.450114
Most watched,2025-09-21 15:45:45.450114
Vietnamese singer Duc Phuc wins Russia's Intervision song contest,2025-09-21 15:45:45.450114
Watch: Take That megafans 'super excited' ahead of surprise BBC performance,2025-09-21 15:45:45.450114
Sexless in Japan,2025-09-21 15:45:45.450114
Notre-Dame's iconic towers reopen six years after fire,2025-09-21 15:45:45.450114
Former porn star: 'I got death threats from IS',2025-09-21 15:45:45.450114
Also in news,2025-09-21 15:45:45.450114
RAF jets join Nato air defence mission over Poland,2025-09-21 15:45:45.450114
Former Liverpool Women manager Matt Beard dies aged 47,2025-09-21 15:45:45.450114
Man charged with murder of Pakistan TikTok star,2025-09-21 15:45:45.450114
Notre-Dame's iconic towers reopen six years after fire,2025-09-21 15:45:45.450114
Press could lose Pentagon access for releasing 'unauthorised information',2025-09-21 15:45:45.450114
Former Liverpool Women manager Matt Beard dies aged 47,2025-09-21 15:45:45.450114
British couple held by Taliban arrive in UK after release,2025-09-21 15:45:45.450114
The most striking looks from London Fashion Week's opening shows,2025-09-21 15:45:45.450114
Man charged with murder of Pakistan TikTok star,2025-09-21 15:45:45.450114
Most read,2025-09-21 15:45:45.450114
India warns new US fee for H-1B visa will have 'humanitarian consequences',2025-09-21 15:45:45.450114
Starmer set to announce UK recognition of Palestinian state,2025-09-21 15:45:45.450114
Duchess of York called Epstein 'supreme friend' in 2011 email,2025-09-21 15:45:45.450114
"Israel will occupy more West Bank land, but recognition matters, mayor tells BBC",2025-09-21 15:45:45.450114
I took a job on a whim on New Year's Eve - and ended up stranded at sea for six months,2025-09-21 15:45:45.450114
Heathrow braces for second day of disruption after cyber-attack,2025-09-21 15:45:45.450114
Creatine - can this muscle-boosting supplement help sharpen my brain?,2025-09-21 15:45:45.450114
"Trump adds $100,000 fee for skilled worker visa applicants",2025-09-21 15:45:45.450114
Heightened security as Americans gather for Kirk memorial,2025-09-21 15:45:45.450114
How a man's affair with his mother-in-law became a viral film in Indonesia,2025-09-21 15:45:45.450114
Sport,2025-09-21 15:45:45.450114
Azerbaijan GP: McLarens starting seventh and ninth in mixed-up grid,2025-09-21 15:45:45.450114
World Athletics: Hodgkinson leads GB medal chase on final day,2025-09-21 15:45:45.450114
'He deserves to be in our history' - Fernandes inspires Man Utd,2025-09-21 15:45:45.450114
Villa v Liverpool postponed following Beard's death,2025-09-21 15:45:45.450114
Fritz stuns Alcaraz to turn tide for Team World in Laver Cup,2025-09-21 15:45:45.450114
World Athletics: Hodgkinson leads GB medal chase on final day,2025-09-21 15:45:45.450114
Why Arsenal and Man City are bringing back long-ball football,2025-09-21 15:45:45.450114
WSL: Build-up to three games plus Beard tributes,2025-09-21 15:45:45.450114
'He deserves to be in our history' - Fernandes inspires Man Utd,2025-09-21 15:45:45.450114
Starmer set to announce recognition of Palestinian state,2025-09-21 16:22:03.077203
"Israel will occupy more West Bank land, but recognition matters, mayor tells BBC",2025-09-21 16:22:03.077203
How Russian-funded fake news network aims to disrupt election in Europe - BBC investigation,2025-09-21 16:22:03.077203
Watch: Philippines anti-corruption protests turn violent,2025-09-21 16:22:03.077203
Duchess of York called Epstein 'supreme friend' in 2011 email,2025-09-21 16:22:03.077203
"Israel will occupy more West Bank land, but recognition matters, mayor tells BBC",2025-09-21 16:22:03.077203
"'I spent $8,000 to get back to US' after Trump visa deadline",2025-09-21 16:22:03.077203
'No sugar-coated cinema for me': Indian director who scripted history at Venice,2025-09-21 16:22:03.077203
Heightened security as Americans gather for Kirk memorial,2025-09-21 16:22:03.077203
How Russian-funded fake news network aims to disrupt election in Europe - BBC investigation,2025-09-21 16:22:03.077203
I took a job on a whim on New Year's Eve - and ended up stranded at sea for six months,2025-09-21 16:22:03.077203
Dutch police clash with anti-immigration protesters,2025-09-21 16:22:03.077203
"World Athletics: British pair win 800m silver and bronze, Mills in 5000m final",2025-09-21 16:22:03.077203
Morrissey cancels US shows after death threat in Canada,2025-09-21 16:22:03.077203
Heathrow braces for more disruption after cyber-attack knocks out check-in system,2025-09-21 16:22:03.077203
More to explore,2025-09-21 16:22:03.077203
Creatine - can this muscle-boosting supplement help sharpen my brain?,2025-09-21 16:22:03.077203
How a man's affair with his mother-in-law became a viral film in Indonesia,2025-09-21 16:22:03.077203
BBC's Steve Rosenberg attends 'Russia's answer to Eurovision',2025-09-21 16:22:03.077203
Why Arsenal and Man City are bringing back long-ball football,2025-09-21 16:22:03.077203
Why Starmer decided the time was right to recognise a Palestinian state,2025-09-21 16:22:03.077203
How a man's affair with his mother-in-law became a viral film in Indonesia,2025-09-21 16:22:03.077203
Hamnet to Sinners: 12 films to look out for as Oscars race begins,2025-09-21 16:22:03.077203
Murdered Kenyan's friends want UK soldier to face justice,2025-09-21 16:22:03.077203
BBC's Steve Rosenberg attends 'Russia's answer to Eurovision',2025-09-21 16:22:03.077203
Most watched,2025-09-21 16:22:03.077203
Watch: Philippines anti-corruption protests turn violent,2025-09-21 16:22:03.077203
BBC's Steve Rosenberg attends 'Russia's answer to Eurovision',2025-09-21 16:22:03.077203
Sexless in Japan,2025-09-21 16:22:03.077203
Notre-Dame's iconic towers reopen six years after fire,2025-09-21 16:22:03.077203
Huge fire rips through residential homes in Manila,2025-09-21 16:22:03.077203
Also in news,2025-09-21 16:22:03.077203
White House outlines TikTok deal that would give US control of algorithm,2025-09-21 16:22:03.077203
RAF jets join Nato air defence mission over Poland,2025-09-21 16:22:03.077203
Man charged with murder of Pakistan TikTok star,2025-09-21 16:22:03.077203
Notre-Dame's iconic towers reopen six years after fire,2025-09-21 16:22:03.077203
Press could lose Pentagon access for releasing 'unauthorised information',2025-09-21 16:22:03.077203
RAF jets join Nato air defence mission over Poland,2025-09-21 16:22:03.077203
Former Liverpool Women manager Matt Beard dies aged 47,2025-09-21 16:22:03.077203
British couple held by Taliban arrive in UK after release,2025-09-21 16:22:03.077203
Man charged with murder of Pakistan TikTok star,2025-09-21 16:22:03.077203
Most read,2025-09-21 16:22:03.077203
India warns new US fee for H-1B visa will have 'humanitarian consequences',2025-09-21 16:22:03.077203
Duchess of York called Epstein 'supreme friend' in 2011 email,2025-09-21 16:22:03.077203
"Israel will occupy more West Bank land, but recognition matters, mayor tells BBC",2025-09-21 16:22:03.077203
I took a job on a whim on New Year's Eve - and ended up stranded at sea for six months,2025-09-21 16:22:03.077203
Creatine - can this muscle-boosting supplement help sharpen my brain?,2025-09-21 16:22:03.077203
Heightened security as Americans gather for Kirk memorial,2025-09-21 16:22:03.077203
"Trump adds $100,000 fee for skilled worker visa applicants",2025-09-21 16:22:03.077203
Heathrow braces for second day of disruption after cyber-attack,2025-09-21 16:22:03.077203
How a man's affair with his mother-in-law became a viral film in Indonesia,2025-09-21 16:22:03.077203
How Russian-funded fake news network aims to disrupt election in Europe - BBC investigation,2025-09-21 16:22:03.077203
Sport,2025-09-21 16:22:03.077203
Azerbaijan GP: McLarens starting seventh and ninth in mixed-up grid,2025-09-21 16:22:03.077203
"World Athletics: British pair win 800m silver and bronze, Mills in 5000m final",2025-09-21 16:22:03.077203
'He deserves to be in our history' - Fernandes inspires Man Utd,2025-09-21 16:22:03.077203
Villa v Liverpool postponed following Beard's death,2025-09-21 16:22:03.077203
Fritz stuns Alcaraz to turn tide for Team World in Laver Cup,2025-09-21 16:22:03.077203
"World Athletics: British pair win 800m silver and bronze, Mills in 5000m final",2025-09-21 16:22:03.077203
Why Arsenal and Man City are bringing back long-ball football,2025-09-21 16:22:03.077203
WSL: Build-up to three games plus Beard tributes,2025-09-21 16:22:03.077203
'He deserves to be in our history' - Fernandes inspires Man Utd,2025-09-21 16:22:03.077203
